Workbook

Sheet داشبورد
A1: سیستم حرفه‌ای ارزیابی عملکرد حافظان قرآن | طرح صبحگاهی دارالقرآن
A2: نسخه ۱.۰ | تاریخ آخرین بروزرسانی: ۱۴۰۵/۵/۲۲
A4: خلاصه کلاس | D4: رتبه
A5: تعداد دانش‌آموزان | B5: 12 | D5: رتبه | E5: نام دانش‌آموز | F5: نمره هفته | G5: سطح
A6: میانگین نمره هفته جاری | B6: =AVERAGEIF(لیست_دانش‌آموزان!G:G,">0")
A7: بالاترین نمره | B7: =MAX(لیست_دانش‌آموزان!G:G)
A8: پایین‌ترین نمره | B8: =MIN(IF(لیست_دانش‌آموزان!G:G>0,لیست_دانش‌آموزان!G:G))
A9: تعداد سطح B | B9: =COUNTIF(لیست_دانش‌آموزان!H:H,"B")
A10: تعداد سطح C | B10: =COUNTIF(لیست_دانش‌آموزان!H:H,"C")
A12: راهنمای استفاده
A13: ۱. ابتدا در شیت «لیست دانش‌آموزان» مشخصات پایه دانش‌آموزان را وارد یا ویرایش کنید.
A14: ۲. برای ثبت نمرات روزانه به شیت «ورود اطلاعات روزانه» بروید و داده‌ها را در ردیف‌های زرد وارد کنید.
A15: ۳. نمرات جمع، میانگین و ارزیابی‌ها به صورت خودکار محاسبه می‌شوند.
A16: ۴. شیت «عملکرد هفتگی» خلاصه هر هفته را نشان می‌دهد.
A17: ۵. برای دیدن جزئیات هر دانش‌آموز، نام او را در شیت «پرونده دانش‌آموز» انتخاب کنید.
A18: ۶. شیت «تحلیل و پیشنهاد» نقاط ضعف و قوت را شناسایی کرده و پیشنهاد تمرین می‌دهد.
A19: ۷. داشبورد این صفحه همیشه به‌روز است و نمای کلی کلاس را نشان می‌دهد.

Sheet لیست دانش‌آموزان
A1: لیست و مشخصات دانش‌آموزان حافظ
A3: ردیف | B3: نام و نام خانوادگی | C3: کد دانش‌آموز | D3: سطح فعلی | E3: تاریخ ورود | F3: میانگین کل (از ۱۰۰) | G3: نمره هفته جاری | H3: سطح هفته | I3: امتیازات انباشته | J3: توضیحات / جوایز | K3: وضعیت حضور
A4: 1 | B4: محمد طه زارعیان | C4: S01 | D4: C | E4: 1405/01/01 | F4: 67 | G4: 67 | H4: C | I4: 500 | J4: نزول به سطح C | ۵۰۰ امتیاز هفته پیش | K4: حاضر
A5: 2 | B5: محمد طه میرشکار | C5: S02 | D5: B | E5: 1405/01/01 | F5: 79 | G5: 73 | H5: B | I5: 0 | J5: ابقاء در سطح B | K5: حاضر
A6: 3 | B6: سیدمحمدطه حسینی | C6: S03 | D6: B | E6: 1405/01/01 | F6: 79 | G6: 75 | H6: B | I6: 0 | J6: ارتقاء به سطح B | K6: حاضر
A7: 4 | B7: ابوالفضل دهقانیزاده | C7: S04 | D7: B | E7: 1405/01/01 | F7: 77.5 | G7: 77 | H7: B | I7: 750 | J7: ابقاء در سطح B | ۷۵۰ امتیاز نقره‌ای دو هفته پیش | K7: حاضر
A8: 5 | B8: محمدمهدی زارعیان | C8: S05 | D8: C | E8: 1405/01/01 | F8: 63.5 | G8: 60 | H8: C | I8: 0 | J8: نزول به سطح C | K8: حاضر
A9: 6 | B9: بهنام بیک | C9: S06 | D9: C | E9: 1405/01/01 | F9: 69 | G9: 67 | H9: C | I9: 0 | J9: ابقاء در سطح C | K9: حاضر
A10: 7 | B10: محمد امین زارع | C10: S07 | D10: B | E10: 1405/01/01 | F10: 77.5 | G10: 78 | H10: B | I10: 2000 | J10: ابقاء در سطح B | مرد اخلاق این هفته و هفته پیش | ۲۰۰۰ امتیاز | K10: حاضر
A11: 8 | B11: سیدمصطفی طباطبایی‌نسب | C11: S08 | D11: C | E11: 1405/01/01 | F11: 72 | G11: 65 | H11: C | I11: 0 | J11: نزول به سطح C | K11: حاضر
A12: 9 | B12: ابوالفضل پورصباغ | C12: S09 | D12: C | E12: 1405/01/01 | F12: 74 | G12: 67 | H12: C | I12: 0 | J12: نزول به سطح C | K12: حاضر
A13: 10 | B13: بهزاد بیک | C13: S10 | D13: B | E13: 1405/01/01 | F13: 79 | G13: 70 | H13: B | I13: 750 | J13: ابقاء در سطح B | ۷۵۰ امتیاز کارت نقره‌ای دو هفته پیش | K13: حاضر
A14: 11 | B14: محمدرضا زارع بیدکی | C14: S11 | D14: C | E14: 1405/01/01 | F14: 50 | G14: 25 | H14: C | I14: 0 | J14: نزول به سطح C | غیبت موجه - نمره پایه | K14: غیبت موجه
A15: 12 | B15: سیدعلی حسینی‌مهر | C15: S12 | D15: C | E15: 1405/01/01 | F15: 53 | G15: 28 | H15: C | I15: 0 | J15: نزول به سطح C | غیبت موجه - نمره پایه | K15: غیبت موجه
A17: قوانین سطح‌بندی (قابل تنظیم):
A18: سطح B: نمره کل هفته ≥ ۷۰ و میانگین انضباط ≥ ۵۰
A19: سطح C: نمره کل هفته < ۷۰ یا میانگین انضباط < ۵۰
A20: نکته: سطح‌بندی را می‌توانید در شیت «تنظیمات» تغییر دهید.
A21: سلول‌های زرد رنگ در شیت ورود اطلاعات، محل ورود دستی معلم هستند.

Sheet ورود اطلاعات روزانه
A1: فرم ورود اطلاعات روزانه — فقط سلول‌های زرد را پر کنید (بقیه خودکار محاسبه می‌شود)
A2: حداکثر نمرات: خواندنی۱=۴۰ | خواندنی۲=۴۰ | شماره صفحه=۱۰ | شماره آیه=۵ | تشخیص عبارت=۱۰ | ترتیب آیه=۷ | ترتیب صفحه=۸ | اول‌وآخر آیه=۱۰ | شمارشی=۱۰ | جمع کل حداکثر=۱۴۰ | انضباط حداکثر=۶۰
A4: تاریخ | B4: نام دانش‌آموز | C4: خواندنی۱ (۴۰) | D4: خواندنی۲ (۴۰) | E4: شماره صفحه (۱۰) | F4: شماره آیه (۵) | G4: تشخیص عبارت (۱۰) | H4: ترتیب آیه (۷) | I4: ترتیب صفحه (۸) | J4: اول و آخر آیه (۱۰) | K4: شمارشی (۱۰) | L4: جمع کل (۱۴۰) | M4: انضباط (۶۰) | N4: میانگین روز | O4: حضور | P4: یادداشت معلم
A5: 1405/05/24 | L5: =IF(COUNTA(C5:K5)=0,"",SUM(C5:K5)) | N5: =IF(OR(L5="",M5=""),"",AVERAGE(L5,M5))
L6: =IF(COUNTA(C6:K6)=0,"",SUM(C6:K6)) | N6: =IF(OR(L6="",M6=""),"",AVERAGE(L6,M6))
L7: =IF(COUNTA(C7:K7)=0,"",SUM(C7:K7)) | N7: =IF(OR(L7="",M7=""),"",AVERAGE(L7,M7))
L8: =IF(COUNTA(C8:K8)=0,"",SUM(C8:K8)) | N8: =IF(OR(L8="",M8=""),"",AVERAGE(L8,M8))
L9: =IF(COUNTA(C9:K9)=0,"",SUM(C9:K9)) | N9: =IF(OR(L9="",M9=""),"",AVERAGE(L9,M9))
L10: =IF(COUNTA(C10:K10)=0,"",SUM(C10:K10)) | N10: =IF(OR(L10="",M10=""),"",AVERAGE(L10,M10))
L11: =IF(COUNTA(C11:K11)=0,"",SUM(C11:K11)) | N11: =IF(OR(L11="",M11=""),"",AVERAGE(L11,M11))
L12: =IF(COUNTA(C12:K12)=0,"",SUM(C12:K12)) | N12: =IF(OR(L12="",M12=""),"",AVERAGE(L12,M12))
L13: =IF(COUNTA(C13:K13)=0,"",SUM(C13:K13)) | N13: =IF(OR(L13="",M13=""),"",AVERAGE(L13,M13))
L14: =IF(COUNTA(C14:K14)=0,"",SUM(C14:K14)) | N14: =IF(OR(L14="",M14=""),"",AVERAGE(L14,M14))
L15: =IF(COUNTA(C15:K15)=0,"",SUM(C15:K15)) | N15: =IF(OR(L15="",M15=""),"",AVERAGE(L15,M15))
L16: =IF(COUNTA(C16:K16)=0,"",SUM(C16:K16)) | N16: =IF(OR(L16="",M16=""),"",AVERAGE(L16,M16))
L17: =IF(COUNTA(C17:K17)=0,"",SUM(C17:K17)) | N17: =IF(OR(L17="",M17=""),"",AVERAGE(L17,M17))
... L29: =IF(COUNTA(C29:K29)=0,"",SUM(C29:K29)) | N29: =IF(OR(L29="",M29=""),"",AVERAGE(L29,M29))
A32: نکته مهم: پس از وارد کردن نمرات روزانه، برای مشاهده خلاصه هفتگی و تحلیل، به شیت‌های مربوطه مراجعه کنید. داده‌های تاریخی هفته ۱۷ تا ۲۱ در شیت «داده‌های خام» ذخیره شده‌اند.

Sheet داده‌های خام
A1: آرشیو کامل نمرات روزانه (قابل گسترش)
A3: تاریخ | B3: نام دانش‌آموز | C3: خواندنی۱ (۴۰) | D3: خواندنی۲ (۴۰) | E3: شماره صفحه (۱۰) | F3: شماره آیه (۵) | G3: تشخیص عبارت (۱۰) | H3: ترتیب آیه (۷) | I3: ترتیب صفحه (۸) | J3: اول و آخر آیه (۱۰) | K3: شمارشی (۱۰) | L3: جمع کل (۱۴۰) | M3: انضباط (۶۰) | N3: میانگین روز | O3: حضور | P3: یادداشت معلم | Q3: هفته
